{
  "timestamp": 1777952329.134152,
  "quality_signal": 0.6901856985218583,
  "coupling_score": 0.35051546391752575,
  "cycle_count": 0,
  "god_file_count": 0,
  "hotspot_count": 0,
  "complex_fn_count": 29,
  "max_depth": 2,
  "total_import_edges": 194,
  "cross_module_edges": 181
}